STID;site;state;lat;lon;alt;Year;cultivar;YOR;N_fert;Y_max;soil;SQ;MAP;MAT;ACWB;trial;GP_P_mean;GP_P_sum;GP_T_max;GP_T_mean;GP_T_min;GS_P_mean;GS_P_sum;GS_T_max;GS_T_mean;GS_T_min;GS_TD;GS_TD_mean;SP_CWBm_J;SP_CWBneg_n_H;SP_CWBs_J;SP_ETPm_J;SP_ETPs_J;SP_P_mean;SP_P_sum;SP_T_max;SP_T_mean;SP_T_min;SP_TD;SP_TD_mean
11;Hanninghof;NRW;51.84;7.25;80;1995;Orestis;1988;259.2;64.3;ls;64;862.8;9.9;562.1;1;2.27;99.9;22.2;17.1;11.7;2.94;809.9;12.7;8.9;4.9;2466.2;9.3;-1.84;37;-81.25;3.02;132.95;1.17;51.7;18;12.9;7;569.1;12.9
12;Ahaus;NRW;52.07;7.01;50;1996;Orestis;1988;273;96.7;sl;66;885.4;9.9;587.5;2;1.76;104;20.5;15.9;10.1;1.29;367.6;10.6;6.9;2.2;2151.9;9.7;-1.69;24;-54.32;3.95;126.42;2.25;72.1;19.5;15;9.1;479.7;15
13;Roosmann;NRW;52.08;6.99;52;1996;Orestis;1988;273;99.6;sl;54;885.4;9.9;587.5;3;2.4;151.5;20.7;16.1;10;1.43;412.3;10.9;7.1;2.1;2237.3;9.9;-2.07;18;-51.99;4.62;115.59;2.54;63.6;21.3;16.4;9.4;410.4;16.4
14;Wulfen;NRW;51.71;7.01;50;1996;Orestis;1988;222.8;74.3;ls;63;862.3;10.3;543;4;2.13;108.7;21.7;17;11.3;1.39;384.1;10.8;7.1;3.2;2109.7;9.7;-0.79;33;-34.28;2.94;126.78;2.15;92.5;16.5;12.3;7.5;528.5;12.3
21;Flensburg;SH;54.76;9.43;50;1989;Adular;1986;184.9;85.4;ls;67.5;881;8.5;650.8;1;1.76;81.4;21.9;17.1;12.2;1.82;534.1;11.4;8.2;5.1;2413;8.5;-1.97;41;-92.87;3.06;143.87;1.08;51;16.4;11.5;6.6;538.4;11.5
22;Flensburg;SH;54.76;9.43;50;1990;Adular;1986;211.9;86.7;ls;67.5;881;8.5;650.8;2;3.02;169.4;18.7;14.8;11.2;2.34;684.1;11.7;8.4;5.3;2474.6;8.8;-1.61;36;-69.38;2.87;123.58;1.26;54.2;17.1;12.4;7.7;535.3;12.4
24;Flensburg;SH;54.76;9.43;50;1990;Bert;1985;214.3;91.9;ls;67.5;881;8.5;650.8;4;3.02;169.4;18.7;14.8;11.2;2.34;684.1;11.7;8.4;5.3;2474.6;8.8;-1.61;36;-69.38;2.87;123.58;1.26;54.2;17.1;12.4;7.7;535.3;12.4
25;Flensburg;SH;54.76;9.43;50;1989;Dolomit;1984;163.6;82.4;ls;67.5;881;8.5;650.8;5;1.76;81.4;21.9;17.1;12.2;1.82;534.1;11.4;8.2;5.1;2413;8.5;-1.97;41;-92.87;3.06;143.87;1.08;51;16.4;11.5;6.6;538.4;11.5
26;Flensburg;SH;54.76;9.43;50;1990;Dolomit;1984;222.5;78.2;ls;67.5;881;8.5;650.8;6;3.02;169.4;18.7;14.8;11.2;2.34;684.1;11.7;8.4;5.3;2474.6;8.8;-1.61;36;-69.38;2.87;123.58;1.26;54.2;17.1;12.4;7.7;535.3;12.4
27;Flensburg;SH;54.76;9.43;50;1989;Kanzler;1980;154.2;79.3;ls;67.5;881;8.5;650.8;7;1.76;81.4;21.9;17.1;12.2;1.82;534.1;11.4;8.2;5.1;2413;8.5;-1.97;41;-92.87;3.06;143.87;1.08;51;16.4;11.5;6.6;538.4;11.5
28;Flensburg;SH;54.76;9.43;50;1990;Kanzler;1980;219.2;84.5;ls;67.5;881;8.5;650.8;8;3.02;169.4;18.7;14.8;11.2;2.34;684.1;11.7;8.4;5.3;2474.6;8.8;-1.61;36;-69.38;2.87;123.58;1.26;54.2;17.1;12.4;7.7;535.3;12.4
31;Gut Roggenstein;BY;48.18;11.33;515;1980;Basalt;1980;240;65.4;sl;69;969;8.5;659.2;1;4.5;243.2;19.8;15.5;11.3;3.13;881.6;10.4;6.8;3.2;2023.9;8.4;-1.05;34;-47.54;3.7;166.54;2.64;119;17.9;13.2;7.9;594.4;13.2
34;Gut Roggenstein;BY;48.18;11.33;515;1983;Basalt;1980;125;85.5;sl;69;969;8.5;659.2;4;1.73;83.5;23.4;18.2;12.6;2.32;623.2;11.8;7.5;3.5;2135.4;9.3;-2.27;18;-52.32;4.31;99.22;2.03;46.9;18.8;13.8;8.1;316.8;13.8
35;Gut Roggenstein;BY;48.18;11.33;515;1984;Basalt;1980;180;83.3;sl;69;969;8.5;659.2;5;3.31;182.5;21;16.3;11.4;1.95;553.6;10.3;6;1.6;1948.8;9.6;-0.35;28;-14.4;3.34;137.1;2.99;122.7;17.4;12.6;7.1;515.1;12.6
36;Gut Roggenstein;BY;48.18;11.33;515;1985;Basalt;1980;184.1;87;sl;69;969;8.5;659.2;6;3.8;216.7;22.2;16.7;11.3;2.86;811.2;10.3;5.9;1.7;2063.1;9.6;-0.75;15;-15.81;3.99;83.81;3.23;68;20.5;15.5;9.7;324.6;15.5
39;Gut Roggenstein;BY;48.18;11.33;515;1985;Basalt;1980;161.9;90.9;sl;69;969;8.5;659.2;9;3.8;216.7;22.2;16.7;11.3;2.86;811.2;10.3;5.9;1.7;2063.1;9.6;-0.75;15;-15.81;3.99;83.81;3.23;68;20.5;15.5;9.7;324.6;15.5
61;Thalhausen;BY;48.42;11.66;490;2002;Pegassos;1994;231.8;64;tu;70;831.5;8.2;545.4;1;2.7;132.7;23.9;17.8;12.1;2.2;585.2;11.9;6.9;2.5;2042.1;9.6;0.13;23;4.32;3.37;108.08;3.51;112.4;19.2;13.4;7.6;427.7;13.4
62;Thalhausen;BY;48.42;11.66;490;2002;Pegassos;1994;282.4;82.8;tu;70;831.5;8.2;545.4;2;2.7;132.7;23.9;17.8;12.1;2.2;585.2;11.9;6.9;2.5;2042.1;9.6;0.13;23;4.32;3.37;108.08;3.51;112.4;19.2;13.4;7.6;427.7;13.4
71;Gut Roggenstein;BY;48.18;11.33;515;1986;Basalt;1980;153.1;72.2;sl;69;969;8.5;659.2;1;4.18;196.7;23.2;17.9;12.2;2.94;809.7;10.6;6.4;2.4;2103;10.4;0.74;45;54.36;2.99;218.84;3.74;273.2;17.4;12.7;7.9;930;13.3
72;Gut Roggenstein;BY;48.18;11.33;515;1986;Basalt;1980;145.5;72.8;sl;69;969;8.5;659.2;2;4.18;196.7;23.2;17.9;12.2;2.94;809.7;10.6;6.4;2.4;2103;10.4;0.74;45;54.36;2.99;218.84;3.74;273.2;17.4;12.7;7.9;930;13.3
73;Gut Roggenstein;BY;48.18;11.33;515;1987;Basalt;1980;95.9;70.9;sl;69;969;8.5;659.2;3;4.18;221.6;21.9;16.9;12.4;3.06;842.2;10.4;6.1;2.2;2036.2;10;2.07;38;143.1;2.54;175.7;4.62;318.8;15.9;11.4;6.6;783.5;11.4
74;Gut Roggenstein;BY;48.18;11.33;515;1987;Basalt;1980;105.6;63.9;sl;69;969;8.5;659.2;4;4.18;221.6;21.9;16.9;12.4;3.06;842.2;10.4;6.1;2.2;2036.2;10;2.07;38;143.1;2.54;175.7;4.62;318.8;15.9;11.4;6.6;783.5;11.4
75;Gut Roggenstein;BY;48.18;11.33;515;1988;Basalt;1980;145.6;104.7;sl;69;969;8.5;659.2;5;3.11;171.3;21.9;16.9;11.3;2.52;692.7;11.6;7.4;3.3;2126.7;9.3;-0.16;21;-5.77;3.61;123.07;3.45;117.3;19;14.1;8.6;479.6;14.1
76;Gut Roggenstein;BY;48.18;11.33;515;1988;Basalt;1980;118.2;101.7;sl;69;969;8.5;659.2;6;3.11;171.3;21.9;16.9;11.3;2.52;692.7;11.6;7.4;3.3;2126.7;9.3;-0.16;21;-5.77;3.61;123.07;3.45;117.3;19;14.1;8.6;479.6;14.1
81;Gross Gerau;H;49.93;8.5;90;1991;Basalt;1980;152.9;52.2;ls;57.5;637.4;10.6;235.5;1;1.55;73;24;19.3;13.7;1.34;356;12.1;8.2;3.8;2262.1;9.8;-3.01;33;-108.64;3.74;134.74;0.72;26.1;17.5;12.6;6.1;454.5;12.6
82;Gross Gerau;H;49.93;8.5;90;1991;Topas;1989;179.3;51;ls;57.5;637.4;10.6;235.5;2;1.55;73;24;19.3;13.7;1.34;356;12.1;8.2;3.8;2262.1;9.8;-3.01;33;-108.64;3.74;134.74;0.72;26.1;17.5;12.6;6.1;454.5;12.6
83;Gross Gerau;H;49.93;8.5;90;1991;Astron;1989;162.6;53;ls;57.5;637.4;10.6;235.5;3;1.55;73;24;19.3;13.7;1.34;356;12.1;8.2;3.8;2262.1;9.8;-3.01;33;-108.64;3.74;134.74;0.72;26.1;17.5;12.6;6.1;454.5;12.6
84;Gross Gerau;H;49.93;8.5;90;1991;Kraka;1982;153.4;53.3;ls;57.5;637.4;10.6;235.5;4;1.55;73;24;19.3;13.7;1.34;356;12.1;8.2;3.8;2262.1;9.8;-3.01;33;-108.64;3.74;134.74;0.72;26.1;17.5;12.6;6.1;454.5;12.6
85;Gross Gerau;H;49.93;8.5;90;1991;Kanzler;1980;162.7;51.7;ls;57.5;637.4;10.6;235.5;5;1.55;73;24;19.3;13.7;1.34;356;12.1;8.2;3.8;2262.1;9.8;-3.01;33;-108.64;3.74;134.74;0.72;26.1;17.5;12.6;6.1;454.5;12.6
86;Gross Gerau;H;49.93;8.5;90;1991;Orestis;1988;180.2;61.4;ls;57.5;637.4;10.6;235.5;6;1.55;73;24;19.3;13.7;1.34;356;12.1;8.2;3.8;2262.1;9.8;-3.01;33;-108.64;3.74;134.74;0.72;26.1;17.5;12.6;6.1;454.5;12.6
87;Gross Gerau;H;49.93;8.5;90;1991;Ares;1983;144.4;53.2;ls;57.5;637.4;10.6;235.5;7;1.55;73;24;19.3;13.7;1.34;356;12.1;8.2;3.8;2262.1;9.8;-3.01;33;-108.64;3.74;134.74;0.72;26.1;17.5;12.6;6.1;454.5;12.6
88;Gross Gerau;H;49.93;8.5;90;1991;Greif;1989;174.3;57.5;ls;57.5;637.4;10.6;235.5;8;1.55;73;24;19.3;13.7;1.34;356;12.1;8.2;3.8;2262.1;9.8;-3.01;33;-108.64;3.74;134.74;0.72;26.1;17.5;12.6;6.1;454.5;12.6
89;Gross Gerau;H;49.93;8.5;90;1991;Apollo;1984;154.7;53.1;ls;57.5;637.4;10.6;235.5;9;1.55;73;24;19.3;13.7;1.34;356;12.1;8.2;3.8;2262.1;9.8;-3.01;33;-108.64;3.74;134.74;0.72;26.1;17.5;12.6;6.1;454.5;12.6
91;Ihinger Hof;BW;48.74;8.92;480;2003;Transit;1994;164.1;70.7;ll;74;741.1;8.9;413.9;1;1.6;83.3;26.4;20;13.6;1.55;412.3;12.9;8.1;3.4;2318.5;10.3;-2;33;-78.15;3.59;140.25;1.59;62.1;19.4;13.7;7.9;535.4;13.7
92;Ihinger Hof;BW;48.74;8.92;480;2003;Transit;1994;200.7;66.8;ll;74;741.1;8.9;413.9;2;1.6;83.3;26.4;20;13.6;1.55;412.3;12.9;8.1;3.4;2318.5;10.3;-2;33;-78.15;3.59;140.25;1.59;62.1;19.4;13.7;7.9;535.4;13.7
101;Hohenschulen;SH;54.31;9.98;25;1975;Diplomat;1966;189.8;70.3;sl;66;825.7;8.7;581.1;1;1.53;78.2;22.7;17.4;11.6;2.03;566.6;11.6;8.1;4.6;2276.2;8.5;-1.71;31;-68.59;2.94;117.99;1.23;49.4;16.7;11.7;7.2;468.3;11.7
102;Hohenschulen;SH;54.31;9.98;25;1976;Maris-Huntsman;1975;210;56.8;sl;66;825.7;8.7;581.1;2;1.06;50.1;24.4;18;11.8;1.61;454.4;10.6;6.9;3.1;2042.5;8.7;-2.21;31;-81.98;3.45;127.78;1.23;45.8;17.9;12.9;7.6;476.2;12.9
103;Hohenschulen;SH;54.31;9.98;25;1976;Maris-Huntsman;1975;238.4;60.4;sl;66;825.7;8.7;581.1;3;1.06;50.1;24.4;18;11.8;1.61;454.4;10.6;6.9;3.1;2042.5;8.7;-2.21;31;-81.98;3.45;127.78;1.23;45.8;17.9;12.9;7.6;476.2;12.9
105;Hohenschulen;SH;54.31;9.98;25;1976;Carimulti;1975;273.9;58.6;sl;66;825.7;8.7;581.1;5;1.06;50.1;24.4;18;11.8;1.61;454.4;10.6;6.9;3.1;2042.5;8.7;-2.21;31;-81.98;3.45;127.78;1.23;45.8;17.9;12.9;7.6;476.2;12.9
106;Hohenschulen;SH;54.31;9.98;25;1976;Diplomat;1966;173.8;52.3;sl;66;825.7;8.7;581.1;6;1.06;50.1;24.4;18;11.8;1.61;454.4;10.6;6.9;3.1;2042.5;8.7;-2.21;31;-81.98;3.45;127.78;1.23;45.8;17.9;12.9;7.6;476.2;12.9
111;Ihinger Hof;BW;48.74;8.92;480;2004;Enorm;2002;171.5;75.9;ll;74;741.1;8.9;413.9;1;1.58;92.1;22.3;16.7;10.3;1.53;396.6;12;7.6;2.9;2049.6;9.6;-1.89;40;-90.77;3.12;150.17;1.23;59.4;16.9;11.7;5.9;562.7;11.7
112;Ihinger Hof;BW;48.74;8.92;480;2005;Enorm;2002;200;80;ll;74;741.1;8.9;413.9;2;2.2;130.2;23.2;17.8;10.8;1.78;504.7;11.4;7.3;2.1;2275.6;10.3;-0.95;31;-43.95;3.23;148.75;2.27;104.8;17.4;12.2;5.8;559.9;12.2
121;Harste;NDS;51.6;9.87;140;1985;Kronjuwel;1980;167.6;68;ll;85.5;720.9;9.1;417.5;1;2.52;141.4;19.8;15.8;10.9;1.87;516.4;9.9;6.7;2.8;2142.4;9.4;0.52;15;12.59;3.84;92.31;4.37;104.9;19.2;14.9;9.7;356.7;14.9
122;Harste;NDS;51.6;9.87;140;1985;Grananda;1980;190;66.4;ll;85.5;720.9;9.1;417.5;2;2.52;141.4;19.8;15.8;10.9;1.87;516.4;9.9;6.7;2.8;2142.4;9.4;0.52;15;12.59;3.84;92.31;4.37;104.9;19.2;14.9;9.7;356.7;14.9
123;Harste;NDS;51.6;9.87;140;1985;Gï¿½ï;1978;190;75.5;ll;85.5;720.9;9.1;417.5;3;2.52;141.4;19.8;15.8;10.9;1.87;516.4;9.9;6.7;2.8;2142.4;9.4;0.52;15;12.59;3.84;92.31;4.37;104.9;19.2;14.9;9.7;356.7;14.9
124;Harste;NDS;51.6;9.87;140;1985;Kanzler;1980;190;74.8;ll;85.5;720.9;9.1;417.5;4;2.52;141.4;19.8;15.8;10.9;1.87;516.4;9.9;6.7;2.8;2142.4;9.4;0.52;15;12.59;3.84;92.31;4.37;104.9;19.2;14.9;9.7;356.7;14.9
125;Obernjesa;NDS;51.46;9.91;180;1986;Kronjuwel;1980;198.6;77.3;ll;76.5;723.7;8.9;422.3;5;1.5;70.9;22.7;18;11.6;2.04;587.3;9.5;6.3;2;2115.7;9.7;-0.28;24;-10.7;3.29;125.2;3.01;114.5;17.6;13.3;7.7;504.8;13.3
126;Obernjesa;NDS;51.46;9.91;180;1986;Kraka;1982;166.3;77.7;ll;76.5;723.7;8.9;422.3;6;1.5;70.9;22.7;18;11.6;2.04;587.3;9.5;6.3;2;2115.7;9.7;-0.28;24;-10.7;3.29;125.2;3.01;114.5;17.6;13.3;7.7;504.8;13.3
127;Obernjesa;NDS;51.46;9.91;180;1986;Gï¿½ï;1978;175;72;ll;76.5;723.7;8.9;422.3;7;1.5;70.9;22.7;18;11.6;2.04;587.3;9.5;6.3;2;2115.7;9.7;-0.28;24;-10.7;3.29;125.2;3.01;114.5;17.6;13.3;7.7;504.8;13.3
128;Obernjesa;NDS;51.46;9.91;180;1986;Kanzler;1980;184.3;77.3;ll;76.5;723.7;8.9;422.3;8;1.5;70.9;22.7;18;11.6;2.04;587.3;9.5;6.3;2;2115.7;9.7;-0.28;24;-10.7;3.29;125.2;3.01;114.5;17.6;13.3;7.7;504.8;13.3
129;Harste;NDS;51.6;9.87;140;1986;Kronjuwel;1980;220;74.8;ll;85.5;720.9;9.1;417.5;9;1.7;73.3;22.8;18;12.1;2;582.2;9.7;6.5;2.3;2160.8;9.6;-0.61;25;-22.18;3.69;133.18;3.08;111;18.8;14.2;8.4;511.6;14.2
141;Kirchseeon;BY;48.06;11.91;570;2001;Flair;1996;206.2;81;sl;72;1110.5;8.2;821.7;1;4.72;250.6;21.3;15.8;10.9;2.85;806.6;12.3;7.4;3.8;2205.6;8.9;-1.79;33;-71.88;4.15;166.18;2.35;94.3;20.7;14.4;9;576.4;14.4
142;Kirchseeon;BY;48.06;11.91;570;2002;Flair;1996;199.6;72.3;sl;72;1110.5;8.2;821.7;2;3.29;154.9;24.3;18.2;13.2;2.51;684.7;12.1;7;3.1;2114.4;9.7;-0.18;32;-8.18;3.07;138.38;2.89;130.2;18.1;12.4;7.6;558.1;12.4
143;Kirchseeon;BY;48.06;11.91;570;2003;Flair;1996;195.6;61;sl;72;1110.5;8.2;821.7;3;2.22;111.1;26.5;19.8;14.2;2.15;549;12.4;7.1;2.9;2056.6;10.3;-1.29;31;-50.68;3.84;149.78;2.54;99.1;20.8;14.3;8.9;556.6;14.3
144;Kirchseeon;BY;48.06;11.91;570;2004;Flair;1996;224.8;86.6;sl;72;1110.5;8.2;821.7;4;3.63;229;21.7;16;11.4;2.39;646.5;11.5;6.6;2.7;1928.5;9.1;-0.82;27;-30.59;2.89;106.99;2.06;76.4;17.1;11.3;6.4;417.9;11.3
145;Kirchseeon;BY;48.06;11.91;570;2005;Flair;1996;225;73.3;sl;72;1110.5;8.2;821.7;5;4.01;196.8;22.9;17;12.2;2.71;746;11;6.2;2.4;1982.5;9.8;1.09;21;40.65;3.46;128.05;4.55;168.7;18.8;12.9;7.8;476.7;12.9
146;Schrobenhausen;BY;48.56;11.26;415;2001;Flair;1996;242.8;86.2;ls;48;797.9;8.5;498.6;6;2.13;104.6;23.2;17.4;10.6;2.29;612.4;12.3;7.8;3.5;2174.5;9.4;-0.97;22;-34.03;4.24;148.43;3.26;114.4;20.2;14.9;9.2;520;14.9
147;Schrobenhausen;BY;48.56;11.26;415;2002;Flair;1996;213.9;46.4;ls;48;797.9;8.5;498.6;7;2.94;141.5;24.3;18.5;12.9;2.22;577.7;12.1;7.3;3;2105.5;10.1;-0.69;25;-21.64;4.19;129.94;3.49;108.3;21.1;15.1;9.2;469;15.1
148;Schrobenhausen;BY;48.56;11.26;415;2003;Flair;1996;199.6;50.4;ls;48;797.9;8.5;498.6;8;1.5;66.1;26.3;20.1;13.2;1.66;424.9;12.1;7.3;2.5;2060.1;10.1;-1.92;20;-48.01;3.71;92.81;1.79;44.8;20.5;14.9;9.9;372.6;14.9
149;Schrobenhausen;BY;48.56;11.26;415;2004;Flair;1996;198.7;63.9;ls;48;797.9;8.5;498.6;9;1.83;102.6;22.8;17;11.1;1.84;488.4;11.4;6.9;2.4;1975.3;9.5;-1.39;21;-38.93;3.27;91.63;1.88;52.7;17.8;12.3;6.2;343.2;12.3
161;Giessen;H;50.6;8.65;160;1958;Heines IV;1940;91.1;37.6;ll;63;666.6;9.3;341.6;1;;;;;;;;;;;;;-1.58;18;-34.77;3.65;80.47;2.07;45.7;19.5;14.9;9.1;328.8;14.9
165;Giessen;H;50.6;8.65;160;1961;Heines IV;1940;76.9;32.2;ll;63;666.6;9.3;341.6;5;1.65;87.6;21;15.5;10.1;2.27;654.1;11.8;8;4.3;2370.8;9;1.16;25;49.98;2.39;103.12;3.56;153.1;16.3;11.5;7.6;496.4;11.5
167;Gross Gerau;H;49.93;8.5;90;1962;Heines Merlin;1953;95.1;38.7;ls;57.5;637.4;10.6;235.5;7;1.4;74.2;23.2;17.7;12;1.39;379.9;12;7.8;3.5;2245.5;9.9;-2.92;30;-102.51;4;140.31;1.08;37.8;18.2;12.8;7;449.1;12.8
168;Gross Gerau;H;49.93;8.5;90;1961;Peragis;1950;73.1;21.8;ls;57.5;637.4;10.6;235.5;8;4.78;301.5;21.9;16.3;10.9;2.45;666.7;13;8.9;4.8;2462.4;9.7;0.34;29;17.07;2.27;111.33;2.62;128.4;16.4;11.7;7.3;571.1;11.7
169;Gross Gerau;H;49.93;8.5;90;1961;Wika;1960;75.5;33.5;ls;57.5;637.4;10.6;235.5;9;4.78;301.5;21.9;16.3;10.9;2.45;666.7;13;8.9;4.8;2462.4;9.7;0.34;29;17.07;2.27;111.33;2.62;128.4;16.4;11.7;7.3;571.1;11.7
171;Rauischholzhausen;H;50.76;8.87;230;1963;Jubilar;1961;132.2;49.3;ll;84;658.7;8.9;358.7;1;1.83;97.4;22.5;16.7;10.5;1.46;391.6;9.2;4.9;-0.1;1886.6;10.5;-2.61;29;-91.67;4.17;146.27;1.56;54.6;19.9;14.2;7.9;497.4;14.2
172;Rauischholzhausen;H;50.76;8.87;230;1963;Triumph;1953;120;44.8;ll;84;658.7;8.9;358.7;2;1.83;97.4;22.5;16.7;10.5;1.46;391.6;9.2;4.9;-0.1;1886.6;10.5;-2.61;29;-91.67;4.17;146.27;1.56;54.6;19.9;14.2;7.9;497.4;14.2
173;Giessen;H;50.6;8.65;160;1963;Jubilar;1961;124.9;29.4;ll;63;666.6;9.3;341.6;3;2.79;167.8;23.2;17.2;11.9;1.63;451.2;9.9;5.5;1.2;2053.1;10.9;-2.74;26;-87.77;3.98;127.57;1.24;39.8;19.7;14.2;8.9;455.2;14.2
174;Rauischholzhausen;H;50.76;8.87;230;1964;Jubilar;1961;113.4;55.7;ll;84;658.7;8.9;358.7;4;0.66;34;23.7;17.5;10;1.2;333.5;10.6;6.5;1.6;2078;10.1;-3.36;32;-124.48;4.56;169.08;1.2;44.6;20.9;14.9;7.6;550.3;14.9
175;Rauischholzhausen;H;50.76;8.87;230;1964;Triumph;1953;107.4;41.6;ll;84;658.7;8.9;358.7;5;0.66;34;23.7;17.5;10;1.2;333.5;10.6;6.5;1.6;2078;10.1;-3.36;32;-124.48;4.56;169.08;1.2;44.6;20.9;14.9;7.6;550.3;14.9
178;Giessen;H;50.6;8.65;160;1964;Wika;1960;120;36.9;ll;63;666.6;9.3;341.6;8;0.77;37.4;23.7;17.5;11.1;1.16;318.7;10.8;6.6;2.5;2066.2;10.1;-2.13;21;-55.49;4.52;117.59;2.38;62.1;22.5;15.8;9.7;412;15.8
179;Giessen;H;50.6;8.65;160;1963;Rabe;1962;120;33.6;ll;63;666.6;9.3;341.6;9;2.79;167.8;23.2;17.2;11.9;1.63;451.2;9.9;5.5;1.2;2053.1;10.9;-2.74;26;-87.77;3.98;127.57;1.24;39.8;19.7;14.2;8.9;455.2;14.2
182;Giessen;H;50.6;8.65;160;1968;Hanno;1963;175;49.7;ll;63;666.6;9.3;341.6;2;3.23;168.4;21.9;17.3;11.9;2.1;594.5;11.2;7.3;3.3;2170.6;8.9;-2.05;33;-75.9;3.25;120.4;1.2;44.5;17;12.5;7.5;461.7;12.5
183;Giessen;H;50.6;8.65;160;1968;Markus;1963;175;46.7;ll;63;666.6;9.3;341.6;3;3.23;168.4;21.9;17.3;11.9;2.1;594.5;11.2;7.3;3.3;2170.6;8.9;-2.05;33;-75.9;3.25;120.4;1.2;44.5;17;12.5;7.5;461.7;12.5
185;Giessen;H;50.6;8.65;160;1968;Pantus;1966;203.3;47.3;ll;63;666.6;9.3;341.6;5;3.23;168.4;21.9;17.3;11.9;2.1;594.5;11.2;7.3;3.3;2170.6;8.9;-2.05;33;-75.9;3.25;120.4;1.2;44.5;17;12.5;7.5;461.7;12.5
187;Giessen;H;50.6;8.65;160;1968;Diplomat;1966;167.1;46.8;ll;63;666.6;9.3;341.6;7;3.23;168.4;21.9;17.3;11.9;2.1;594.5;11.2;7.3;3.3;2170.6;8.9;-2.05;33;-75.9;3.25;120.4;1.2;44.5;17;12.5;7.5;461.7;12.5
188;Giessen;H;50.6;8.65;160;1968;Habicht;1998;169.4;47.5;ll;63;666.6;9.3;341.6;8;3.23;168.4;21.9;17.3;11.9;2.1;594.5;11.2;7.3;3.3;2170.6;8.9;-2.05;33;-75.9;3.25;120.4;1.2;44.5;17;12.5;7.5;461.7;12.5
201;Barterode;NDS;51.55;9.77;250;1982;Vuka;1975;190;68.7;tu;31;759.8;8.4;488;1;1.65;91.1;22.8;17.2;12.3;2.07;569;11;6.5;2.7;2030.5;9.4;-2.56;37;-120.62;4.11;193.22;1.54;72.6;19.2;13.5;7.9;633.9;13.5
202;Barterode;NDS;51.55;9.77;250;1982;Caribo;1968;209.7;72.8;tu;31;759.8;8.4;488;2;1.65;91.1;22.8;17.2;12.3;2.07;569;11;6.5;2.7;2030.5;9.4;-2.56;37;-120.62;4.11;193.22;1.54;72.6;19.2;13.5;7.9;633.9;13.5
203;Barterode;NDS;51.55;9.77;250;1982;Monopol;1975;190;68.8;tu;31;759.8;8.4;488;3;1.65;91.1;22.8;17.2;12.3;2.07;569;11;6.5;2.7;2030.5;9.4;-2.56;37;-120.62;4.11;193.22;1.54;72.6;19.2;13.5;7.9;633.9;13.5
204;Weende;NDS;51.55;9.91;145;1983;Monopol;1975;148;58.4;tu;85.5;718.8;9;417.4;4;1.08;53.2;23.3;18;11.3;1.87;531.5;11.3;8.1;4;2375.8;9.3;-0.43;26;-14.66;2.93;99.66;2.5;85;16.4;12.3;7.5;417;12.3
205;Angerstein;NDS;51.61;9.91;132;1983;Disponent;1975;135.4;69.7;tu;85.5;720.9;9.1;417.5;5;0.98;45.3;23.2;18.1;11.5;1.88;534.2;11.3;8.1;4;2376.6;9.2;-0.31;23;-10.1;2.98;95.5;2.66;85.4;16.8;12.8;7.8;409.3;12.8
206;Reinshof;NDS;51.49;9.93;155;1983;Vuka;1975;154.2;67.2;tu;85.5;670.8;8.8;377.6;6;1.67;82.2;22.8;17.7;10.9;1.88;528.6;11.1;7.9;3.8;2275.6;9.1;-0.12;22;-3.72;3.02;90.72;2.9;87;16.5;12.4;7.6;372.8;12.4
207;Reinshof;NDS;51.49;9.93;155;1983;Vuka;1975;79.3;60.1;tu;85.5;670.8;8.8;377.6;7;1.67;82.2;22.8;17.7;10.9;1.88;528.6;11.1;7.9;3.8;2275.6;9.1;-0.12;22;-3.72;3.02;90.72;2.9;87;16.5;12.4;7.6;372.8;12.4
208;Weende;NDS;51.55;9.91;145;1983;Disponent;1975;122.5;58.7;tu;85.5;718.8;9;417.4;8;1.08;53.2;23.3;18;11.3;1.87;531.5;11.3;8.1;4;2375.8;9.3;-0.43;26;-14.66;2.93;99.66;2.5;85;16.4;12.3;7.5;417;12.3
209;Lenglern;NDS;51.57;9.87;163;1983;Opi;1978;129.7;58.4;tu;82.5;720.2;9;420.7;9;0.89;42;23.2;18;11.3;1.87;531.5;11.3;8.1;4;2375.8;9.3;-0.45;27;-16.29;2.98;107.39;2.53;91.1;16.5;12.3;7.6;444.6;12.3
210;Flensburg;SH;54.76;9.43;50;1990;Knirps;1985;218.4;87.4;ls;67.5;881;8.5;650.8;10;3.02;169.4;18.7;14.8;11.2;2.34;684.1;11.7;8.4;5.3;2474.6;8.8;-1.61;36;-69.38;2.87;123.58;1.26;54.2;17.1;12.4;7.7;535.3;12.4
211;Flensburg;SH;54.76;9.43;50;1989;Kraka;1982;270;91.6;ls;67.5;881;8.5;650.8;11;1.76;81.4;21.9;17.1;12.2;1.82;534.1;11.4;8.2;5.1;2413;8.5;-1.97;41;-92.87;3.06;143.87;1.08;51;16.4;11.5;6.6;538.4;11.5
282;Ihinger Hof;BW;48.74;8.92;480;1983;Vuka;1975;78.7;45.4;ll;74;741.1;8.9;413.9;2;2.07;93.2;24.3;19;12.6;2.49;666.3;11.8;8;3.6;2202.5;9.5;1.04;24;43.85;3.32;139.45;4.36;183.3;17.6;13;8.2;546.8;13
283;Ihinger Hof;BW;48.74;8.92;480;1983;Vuka;1975;99.8;50.2;ll;74;741.1;8.9;413.9;3;2.07;93.2;24.3;19;12.6;2.49;666.3;11.8;8;3.6;2202.5;9.5;1.04;24;43.85;3.32;139.45;4.36;183.3;17.6;13;8.2;546.8;13
284;Ihinger Hof;BW;48.74;8.92;480;1983;Vuka;1975;111.8;56.1;ll;74;741.1;8.9;413.9;4;2.07;93.2;24.3;19;12.6;2.49;666.3;11.8;8;3.6;2202.5;9.5;1.04;24;43.85;3.32;139.45;4.36;183.3;17.6;13;8.2;546.8;13
291;Giessen;H;50.6;8.65;160;1974;Caribo;1968;122.9;53.4;ll;63;666.6;9.3;341.6;1;2.34;133.5;20.5;15.5;10.6;1.6;451.2;11.7;7.8;3.8;2260.6;8.7;-1.6;45;-85.09;2.94;156.09;1.33;71;16;11.1;5.5;585.9;11.1
297;Giessen;H;50.6;8.65;160;1975;Benno;1973;240;67.9;ll;63;666.6;9.3;341.6;7;1.7;78.6;23;18;13.2;1.78;467.2;12.3;8.6;4.7;2262.1;8.9;-2.87;35;-114.85;3.8;152.05;0.93;37.2;18.3;13.4;7.4;537.5;13.4
301;Rauischholzhausen;H;50.76;8.87;230;1968;Felix;1961;103.3;50.9;ll;84;658.7;8.9;358.7;1;2.9;174.3;21.5;16.8;11.3;2.04;596.2;11.1;7.3;3.1;2258.1;9.1;-1.4;27;-51.82;3.1;114.72;1.7;62.9;16.9;12.4;6.9;457.7;12.4
302;Rauischholzhausen;H;50.76;8.87;230;1968;Felix;1961;100;54.3;ll;84;658.7;8.9;358.7;2;2.9;174.3;21.5;16.8;11.3;2.04;596.2;11.1;7.3;3.1;2258.1;9.1;-1.4;27;-51.82;3.1;114.72;1.7;62.9;16.9;12.4;6.9;457.7;12.4
303;Rauischholzhausen;H;50.76;8.87;230;1968;Felix;1961;100;51.8;ll;84;658.7;8.9;358.7;3;2.9;174.3;21.5;16.8;11.3;2.04;596.2;11.1;7.3;3.1;2258.1;9.1;-1.4;27;-51.82;3.1;114.72;1.7;62.9;16.9;12.4;6.9;457.7;12.4
304;Rauischholzhausen;H;50.76;8.87;230;1968;Felix;1961;97.7;50.4;ll;84;658.7;8.9;358.7;4;2.9;174.3;21.5;16.8;11.3;2.04;596.2;11.1;7.3;3.1;2258.1;9.1;-1.4;27;-51.82;3.1;114.72;1.7;62.9;16.9;12.4;6.9;457.7;12.4
321;Hausen;BY;49.68;11.02;280;2004;Cubus;2002;258;80.4;ll;73.5;729;9.1;379.8;1;1.79;68.3;21.4;16.4;10.4;1.58;406.1;10.6;6.8;2.2;1825.7;8.6;-1.04;32;-41.96;3.31;132.66;2.26;90.7;17.4;12.5;6.1;500.3;12.5
322;Hausen;BY;49.68;11.02;280;2005;Cubus;2002;188.3;85;ll;73.5;729;9.1;379.8;2;1.2;43.5;23.3;18.2;11.4;1.77;476.8;10.5;6.9;2.3;2013.8;9.3;-1.68;24;-55.55;3.85;127.05;2.16;71.5;18.9;13.7;7.3;450.8;13.7
323;Hausen;BY;49.68;11.02;280;2006;Cubus;2002;250.5;82;ll;73.5;729;9.1;379.8;3;2.06;47.6;26;20.2;12.6;1.88;487.1;9.5;6;1.5;1729;8.9;0.78;20;23.57;3.31;99.33;4.09;122.9;17.3;13;7.7;389.5;13
324;Schrobenhausen;BY;48.56;11.26;415;2004;Cubus;2002;240;82.7;ls;48;797.9;8.5;498.6;4;1.83;102.6;22.8;17;11.1;1.84;488.4;11.4;6.9;2.4;1975.3;9.5;-1.39;21;-38.93;3.27;91.63;1.88;52.7;17.8;12.3;6.2;343.2;12.3
325;Schrobenhausen;BY;48.56;11.26;415;2005;Cubus;2002;216.5;75.9;ls;48;797.9;8.5;498.6;5;2.81;126.6;24.7;19;12.8;2.02;539.7;11;6.7;2.1;2041.1;10.3;-0.97;27;-40.02;3.83;157.32;2.86;117.3;18.9;13.3;7.3;544.4;13.3
326;Piering;BY;48.82;12.57;345;2004;Cubus;2002;232.6;79.6;tu;76.5;769.8;8.5;468.7;6;2.5;125.1;22.2;16.6;10.7;1.69;450.3;10.8;6.4;1.8;1872.6;8.8;-1.75;33;-64.88;3.34;123.68;1.58;58.8;18.1;12.6;5.9;464.8;12.6
328;Piering;BY;48.82;12.57;345;2006;Cubus;2002;241.3;77;tu;76.5;769.8;8.5;468.7;8;3.54;117;27.5;21.1;14.2;1.93;517.4;9.9;5.8;1.4;1900.6;10.3;-1.53;29;-62.89;4.03;165.39;2.5;102.5;20;14.4;8.2;588.6;14.4
344;Dahlem;B;52.46;13.29;50;1996;Greif;1989;76.9;71.5;ls;48;580.4;9.6;198;4;1.81;109.1;21.6;16.8;11.7;1.38;409.8;9.7;6;2;2109.7;10;1.34;22;47.24;2.67;93.66;4.02;140.9;16.6;12.5;8.3;437.5;12.5
345;Dahlem;B;52.46;13.29;50;1997;Greif;1989;107.5;45.1;ls;48;580.4;9.6;198;5;1.43;70.5;23.4;18.3;12.5;1.22;341.1;11.1;7.3;3.1;2229.8;9.4;-1.94;33;-79.71;3.43;141.01;1.49;61.3;17.9;12.8;7.2;526.5;12.8
346;Dahlem;B;52.46;13.29;50;1998;Greif;1989;92;90.6;ls;48;580.4;9.6;198;6;;;;;;;;;;;;;-3.21;35;-128.41;3.66;146.61;0.45;18.2;18.4;13.4;7.7;537.4;13.4
668;Hohenschulen;SH;54.31;9.98;25;1977;Diplomat;1966;234.98;80.02;sl;66;825.7;8.7;581.1;8;1.71;92.4;20.8;16;11.9;1.81;546.6;10.5;7.2;3.9;2229.8;8.4;-1.91;36;-86.05;3.24;145.95;1.33;59.9;17.5;12.4;7.2;558;12.4
669;Hohenschulen;SH;54.31;9.98;25;1978;Diplomat;1966;254.34;79.16;sl;66;825.7;8.7;581.1;9;2.41;154.8;19.4;15.1;10.8;2.31;681.7;10.8;7.4;3.9;2255.7;8.5;-2.27;32;-88.79;3.68;143.79;1.41;55;19;13.6;8;532.3;13.6
810;Gross Gerau;H;49.93;8.5;90;1991;Hai;1991;177.1;56;ls;57.5;637.4;10.6;235.5;10;1.55;73;24;19.3;13.7;1.34;356;12.1;8.2;3.8;2262.1;9.8;-3.01;33;-108.64;3.74;134.74;0.72;26.1;17.5;12.6;6.1;454.5;12.6
811;Gross Gerau;H;49.93;8.5;90;1992;Rektor;1980;147.1;53.3;ls;57.5;637.4;10.6;235.5;11;2.8;137.2;23.3;18.6;13.4;1.59;396.7;12.3;8.6;4.2;2194.9;9.8;-4.88;23;-117.14;5.63;135.34;0.75;18.2;22.9;17;9.8;408.2;17
812;Gross Gerau;H;49.93;8.5;90;1992;Topas;1989;200.2;60.5;ls;57.5;637.4;10.6;235.5;12;2.8;137.2;23.3;18.6;13.4;1.59;396.7;12.3;8.6;4.2;2194.9;9.8;-4.88;23;-117.14;5.63;135.34;0.75;18.2;22.9;17;9.8;408.2;17
813;Gross Gerau;H;49.93;8.5;90;1992;Astron;1989;168.3;59;ls;57.5;637.4;10.6;235.5;13;2.8;137.2;23.3;18.6;13.4;1.59;396.7;12.3;8.6;4.2;2194.9;9.8;-4.88;23;-117.14;5.63;135.34;0.75;18.2;22.9;17;9.8;408.2;17
814;Gross Gerau;H;49.93;8.5;90;1992;Kraka;1982;176.9;60.3;ls;57.5;637.4;10.6;235.5;14;2.8;137.2;23.3;18.6;13.4;1.59;396.7;12.3;8.6;4.2;2194.9;9.8;-4.88;23;-117.14;5.63;135.34;0.75;18.2;22.9;17;9.8;408.2;17
815;Gross Gerau;H;49.93;8.5;90;1992;Kanzler;1980;176.8;60;ls;57.5;637.4;10.6;235.5;15;2.8;137.2;23.3;18.6;13.4;1.59;396.7;12.3;8.6;4.2;2194.9;9.8;-4.88;23;-117.14;5.63;135.34;0.75;18.2;22.9;17;9.8;408.2;17
816;Gross Gerau;H;49.93;8.5;90;1992;Batis;1994;170.8;64.1;ls;57.5;637.4;10.6;235.5;16;2.8;137.2;23.3;18.6;13.4;1.59;396.7;12.3;8.6;4.2;2194.9;9.8;-4.88;23;-117.14;5.63;135.34;0.75;18.2;22.9;17;9.8;408.2;17
817;Gross Gerau;H;49.93;8.5;90;1992;Orestis;1988;170.2;60.5;ls;57.5;637.4;10.6;235.5;17;2.8;137.2;23.3;18.6;13.4;1.59;396.7;12.3;8.6;4.2;2194.9;9.8;-4.88;23;-117.14;5.63;135.34;0.75;18.2;22.9;17;9.8;408.2;17
818;Gross Gerau;H;49.93;8.5;90;1992;Ares;1983;181.7;58.2;ls;57.5;637.4;10.6;235.5;18;2.8;137.2;23.3;18.6;13.4;1.59;396.7;12.3;8.6;4.2;2194.9;9.8;-4.88;23;-117.14;5.63;135.34;0.75;18.2;22.9;17;9.8;408.2;17
819;Gross Gerau;H;49.93;8.5;90;1992;Greif;1989;148.1;61.6;ls;57.5;637.4;10.6;235.5;19;2.8;137.2;23.3;18.6;13.4;1.59;396.7;12.3;8.6;4.2;2194.9;9.8;-4.88;23;-117.14;5.63;135.34;0.75;18.2;22.9;17;9.8;408.2;17
820;Gross Gerau;H;49.93;8.5;90;1992;Apollo;1984;176.7;59.1;ls;57.5;637.4;10.6;235.5;20;2.8;137.2;23.3;18.6;13.4;1.59;396.7;12.3;8.6;4.2;2194.9;9.8;-4.88;23;-117.14;5.63;135.34;0.75;18.2;22.9;17;9.8;408.2;17
821;Gross Gerau;H;49.93;8.5;90;1992;Hai;1991;175;64.5;ls;57.5;637.4;10.6;235.5;21;2.8;137.2;23.3;18.6;13.4;1.59;396.7;12.3;8.6;4.2;2194.9;9.8;-4.88;23;-117.14;5.63;135.34;0.75;18.2;22.9;17;9.8;408.2;17
822;Gross Gerau;H;49.93;8.5;90;1993;Rektor;1980;164.7;59.4;ls;57.5;637.4;10.6;235.5;22;0.69;32.5;24.3;19.2;12.5;1.14;279.2;13;9.1;4.4;2285.3;10.8;-3.33;26;-103.44;4.91;152.34;1.57;48.9;22.4;16.9;10.7;524.8;16.9
823;Gross Gerau;H;49.93;8.5;90;1993;Topas;1989;160.6;63.2;ls;57.5;637.4;10.6;235.5;23;0.69;32.5;24.3;19.2;12.5;1.14;279.2;13;9.1;4.4;2285.3;10.8;-3.33;26;-103.44;4.91;152.34;1.57;48.9;22.4;16.9;10.7;524.8;16.9
824;Gross Gerau;H;49.93;8.5;90;1993;Astron;1989;160;60.2;ls;57.5;637.4;10.6;235.5;24;0.69;32.5;24.3;19.2;12.5;1.14;279.2;13;9.1;4.4;2285.3;10.8;-3.33;26;-103.44;4.91;152.34;1.57;48.9;22.4;16.9;10.7;524.8;16.9
825;Gross Gerau;H;49.93;8.5;90;1993;Kraka;1982;193.2;60.8;ls;57.5;637.4;10.6;235.5;25;0.69;32.5;24.3;19.2;12.5;1.14;279.2;13;9.1;4.4;2285.3;10.8;-3.33;26;-103.44;4.91;152.34;1.57;48.9;22.4;16.9;10.7;524.8;16.9
826;Gross Gerau;H;49.93;8.5;90;1993;Kanzler;1980;174.9;56.8;ls;57.5;637.4;10.6;235.5;26;0.69;32.5;24.3;19.2;12.5;1.14;279.2;13;9.1;4.4;2285.3;10.8;-3.33;26;-103.44;4.91;152.34;1.57;48.9;22.4;16.9;10.7;524.8;16.9
827;Gross Gerau;H;49.93;8.5;90;1993;Batis;1994;164.6;66.2;ls;57.5;637.4;10.6;235.5;27;0.69;32.5;24.3;19.2;12.5;1.14;279.2;13;9.1;4.4;2285.3;10.8;-3.33;26;-103.44;4.91;152.34;1.57;48.9;22.4;16.9;10.7;524.8;16.9
828;Gross Gerau;H;49.93;8.5;90;1993;Orestis;1988;179.9;67.3;ls;57.5;637.4;10.6;235.5;28;0.69;32.5;24.3;19.2;12.5;1.14;279.2;13;9.1;4.4;2285.3;10.8;-3.33;26;-103.44;4.91;152.34;1.57;48.9;22.4;16.9;10.7;524.8;16.9
829;Gross Gerau;H;49.93;8.5;90;1993;Ares;1983;155.7;64.9;ls;57.5;637.4;10.6;235.5;29;0.69;32.5;24.3;19.2;12.5;1.14;279.2;13;9.1;4.4;2285.3;10.8;-3.33;26;-103.44;4.91;152.34;1.57;48.9;22.4;16.9;10.7;524.8;16.9
830;Gross Gerau;H;49.93;8.5;90;1993;Greif;1989;161.9;61.8;ls;57.5;637.4;10.6;235.5;30;0.69;32.5;24.3;19.2;12.5;1.14;279.2;13;9.1;4.4;2285.3;10.8;-3.33;26;-103.44;4.91;152.34;1.57;48.9;22.4;16.9;10.7;524.8;16.9
831;Gross Gerau;H;49.93;8.5;90;1993;Apollo;1984;158.1;67.3;ls;57.5;637.4;10.6;235.5;31;0.69;32.5;24.3;19.2;12.5;1.14;279.2;13;9.1;4.4;2285.3;10.8;-3.33;26;-103.44;4.91;152.34;1.57;48.9;22.4;16.9;10.7;524.8;16.9
832;Gross Gerau;H;49.93;8.5;90;1993;Hai;1991;175.9;63;ls;57.5;637.4;10.6;235.5;32;0.69;32.5;24.3;19.2;12.5;1.14;279.2;13;9.1;4.4;2285.3;10.8;-3.33;26;-103.44;4.91;152.34;1.57;48.9;22.4;16.9;10.7;524.8;16.9
833;Rauischholzhausen;H;50.76;8.87;230;1991;Rektor;1980;196.1;73.1;ll;84;658.7;8.9;358.7;33;2.4;105.7;22.8;17.9;11.4;1.62;464.3;10.8;6.8;1.9;2097;8.7;-1.43;43;-73.07;2.89;147.47;1.45;74.4;15.5;10.8;4.7;549.8;10.8
834;Rauischholzhausen;H;50.76;8.87;230;1991;Topas;1989;191.2;75.5;ll;84;658.7;8.9;358.7;34;2.4;105.7;22.8;17.9;11.4;1.62;464.3;10.8;6.8;1.9;2097;8.7;-1.43;43;-73.07;2.89;147.47;1.45;74.4;15.5;10.8;4.7;549.8;10.8
835;Rauischholzhausen;H;50.76;8.87;230;1991;Astron;1989;197.4;77.8;ll;84;658.7;8.9;358.7;35;2.4;105.7;22.8;17.9;11.4;1.62;464.3;10.8;6.8;1.9;2097;8.7;-1.43;43;-73.07;2.89;147.47;1.45;74.4;15.5;10.8;4.7;549.8;10.8
836;Rauischholzhausen;H;50.76;8.87;230;1991;Kraka;1982;186.1;80.5;ll;84;658.7;8.9;358.7;36;2.4;105.7;22.8;17.9;11.4;1.62;464.3;10.8;6.8;1.9;2097;8.7;-1.43;43;-73.07;2.89;147.47;1.45;74.4;15.5;10.8;4.7;549.8;10.8
837;Rauischholzhausen;H;50.76;8.87;230;1991;Kanzler;1980;219.1;77.2;ll;84;658.7;8.9;358.7;37;2.4;105.7;22.8;17.9;11.4;1.62;464.3;10.8;6.8;1.9;2097;8.7;-1.43;43;-73.07;2.89;147.47;1.45;74.4;15.5;10.8;4.7;549.8;10.8
838;Rauischholzhausen;H;50.76;8.87;230;1991;Orestis;1988;201.7;81.6;ll;84;658.7;8.9;358.7;38;2.4;105.7;22.8;17.9;11.4;1.62;464.3;10.8;6.8;1.9;2097;8.7;-1.43;43;-73.07;2.89;147.47;1.45;74.4;15.5;10.8;4.7;549.8;10.8
839;Rauischholzhausen;H;50.76;8.87;230;1991;Ares;1983;198.1;78.6;ll;84;658.7;8.9;358.7;39;2.4;105.7;22.8;17.9;11.4;1.62;464.3;10.8;6.8;1.9;2097;8.7;-1.43;43;-73.07;2.89;147.47;1.45;74.4;15.5;10.8;4.7;549.8;10.8
840;Rauischholzhausen;H;50.76;8.87;230;1991;Greif;1989;173.8;77.2;ll;84;658.7;8.9;358.7;40;2.4;105.7;22.8;17.9;11.4;1.62;464.3;10.8;6.8;1.9;2097;8.7;-1.43;43;-73.07;2.89;147.47;1.45;74.4;15.5;10.8;4.7;549.8;10.8
841;Rauischholzhausen;H;50.76;8.87;230;1991;Apollo;1984;176.4;77.3;ll;84;658.7;8.9;358.7;41;2.4;105.7;22.8;17.9;11.4;1.62;464.3;10.8;6.8;1.9;2097;8.7;-1.43;43;-73.07;2.89;147.47;1.45;74.4;15.5;10.8;4.7;549.8;10.8
842;Rauischholzhausen;H;50.76;8.87;230;1991;Hai;1991;187.8;79.2;ll;84;658.7;8.9;358.7;42;2.4;105.7;22.8;17.9;11.4;1.62;464.3;10.8;6.8;1.9;2097;8.7;-1.43;43;-73.07;2.89;147.47;1.45;74.4;15.5;10.8;4.7;549.8;10.8
843;Rauischholzhausen;H;50.76;8.87;230;1992;Rektor;1980;200.2;69.4;ll;84;658.7;8.9;358.7;43;3.74;183.4;22.8;17.5;11.4;1.8;495.7;11.5;7.4;2.7;2125.7;8.7;-2.12;30;-80.67;4.43;168.37;2.3;87.7;20.3;14.7;6.8;557.9;14.7
844;Rauischholzhausen;H;50.76;8.87;230;1992;Topas;1989;200;71.6;ll;84;658.7;8.9;358.7;44;3.74;183.4;22.8;17.5;11.4;1.8;495.7;11.5;7.4;2.7;2125.7;8.7;-2.12;30;-80.67;4.43;168.37;2.3;87.7;20.3;14.7;6.8;557.9;14.7
845;Rauischholzhausen;H;50.76;8.87;230;1992;Astron;1989;200;76.7;ll;84;658.7;8.9;358.7;45;3.74;183.4;22.8;17.5;11.4;1.8;495.7;11.5;7.4;2.7;2125.7;8.7;-2.12;30;-80.67;4.43;168.37;2.3;87.7;20.3;14.7;6.8;557.9;14.7
846;Rauischholzhausen;H;50.76;8.87;230;1992;Kraka;1982;224.9;79.7;ll;84;658.7;8.9;358.7;46;3.74;183.4;22.8;17.5;11.4;1.8;495.7;11.5;7.4;2.7;2125.7;8.7;-2.12;30;-80.67;4.43;168.37;2.3;87.7;20.3;14.7;6.8;557.9;14.7
847;Rauischholzhausen;H;50.76;8.87;230;1992;Kanzler;1980;212.8;79.1;ll;84;658.7;8.9;358.7;47;3.74;183.4;22.8;17.5;11.4;1.8;495.7;11.5;7.4;2.7;2125.7;8.7;-2.12;30;-80.67;4.43;168.37;2.3;87.7;20.3;14.7;6.8;557.9;14.7
848;Rauischholzhausen;H;50.76;8.87;230;1992;Batis;1994;234.5;79.8;ll;84;658.7;8.9;358.7;48;3.74;183.4;22.8;17.5;11.4;1.8;495.7;11.5;7.4;2.7;2125.7;8.7;-2.12;30;-80.67;4.43;168.37;2.3;87.7;20.3;14.7;6.8;557.9;14.7
849;Rauischholzhausen;H;50.76;8.87;230;1992;Orestis;1988;199.5;81.7;ll;84;658.7;8.9;358.7;49;3.74;183.4;22.8;17.5;11.4;1.8;495.7;11.5;7.4;2.7;2125.7;8.7;-2.12;30;-80.67;4.43;168.37;2.3;87.7;20.3;14.7;6.8;557.9;14.7
850;Rauischholzhausen;H;50.76;8.87;230;1992;Ares;1983;177;75.3;ll;84;658.7;8.9;358.7;50;3.74;183.4;22.8;17.5;11.4;1.8;495.7;11.5;7.4;2.7;2125.7;8.7;-2.12;30;-80.67;4.43;168.37;2.3;87.7;20.3;14.7;6.8;557.9;14.7
851;Rauischholzhausen;H;50.76;8.87;230;1992;Greif;1989;200;73.5;ll;84;658.7;8.9;358.7;51;3.74;183.4;22.8;17.5;11.4;1.8;495.7;11.5;7.4;2.7;2125.7;8.7;-2.12;30;-80.67;4.43;168.37;2.3;87.7;20.3;14.7;6.8;557.9;14.7
852;Rauischholzhausen;H;50.76;8.87;230;1992;Apollo;1984;200;77.3;ll;84;658.7;8.9;358.7;52;3.74;183.4;22.8;17.5;11.4;1.8;495.7;11.5;7.4;2.7;2125.7;8.7;-2.12;30;-80.67;4.43;168.37;2.3;87.7;20.3;14.7;6.8;557.9;14.7
853;Rauischholzhausen;H;50.76;8.87;230;1992;Hai;1991;181.2;78.8;ll;84;658.7;8.9;358.7;53;3.74;183.4;22.8;17.5;11.4;1.8;495.7;11.5;7.4;2.7;2125.7;8.7;-2.12;30;-80.67;4.43;168.37;2.3;87.7;20.3;14.7;6.8;557.9;14.7
854;Rauischholzhausen;H;50.76;8.87;230;1993;Rektor;1980;220.7;81.2;ll;84;658.7;8.9;358.7;54;1.26;55.6;22;16.8;10;1.58;423;11.6;7.4;2.7;2131.9;9.6;-2.85;39;-125.58;3.99;175.68;1.13;50.1;21.3;15.3;8.7;673.6;15.3
855;Rauischholzhausen;H;50.76;8.87;230;1993;Topas;1989;214;84.1;ll;84;658.7;8.9;358.7;55;1.26;55.6;22;16.8;10;1.58;423;11.6;7.4;2.7;2131.9;9.6;-2.85;39;-125.58;3.99;175.68;1.13;50.1;21.3;15.3;8.7;673.6;15.3
856;Rauischholzhausen;H;50.76;8.87;230;1993;Astron;1989;209.9;83.1;ll;84;658.7;8.9;358.7;56;1.26;55.6;22;16.8;10;1.58;423;11.6;7.4;2.7;2131.9;9.6;-2.85;39;-125.58;3.99;175.68;1.13;50.1;21.3;15.3;8.7;673.6;15.3
857;Rauischholzhausen;H;50.76;8.87;230;1993;Kraka;1982;200;93.8;ll;84;658.7;8.9;358.7;57;1.26;55.6;22;16.8;10;1.58;423;11.6;7.4;2.7;2131.9;9.6;-2.85;39;-125.58;3.99;175.68;1.13;50.1;21.3;15.3;8.7;673.6;15.3
858;Rauischholzhausen;H;50.76;8.87;230;1993;Kanzler;1980;198.6;88.7;ll;84;658.7;8.9;358.7;58;1.26;55.6;22;16.8;10;1.58;423;11.6;7.4;2.7;2131.9;9.6;-2.85;39;-125.58;3.99;175.68;1.13;50.1;21.3;15.3;8.7;673.6;15.3
859;Rauischholzhausen;H;50.76;8.87;230;1993;Batis;1994;191;86.2;ll;84;658.7;8.9;358.7;59;1.26;55.6;22;16.8;10;1.58;423;11.6;7.4;2.7;2131.9;9.6;-2.85;39;-125.58;3.99;175.68;1.13;50.1;21.3;15.3;8.7;673.6;15.3
860;Rauischholzhausen;H;50.76;8.87;230;1993;Orestis;1988;213.6;89.9;ll;84;658.7;8.9;358.7;60;1.26;55.6;22;16.8;10;1.58;423;11.6;7.4;2.7;2131.9;9.6;-2.85;39;-125.58;3.99;175.68;1.13;50.1;21.3;15.3;8.7;673.6;15.3
861;Rauischholzhausen;H;50.76;8.87;230;1993;Ares;1983;194.1;83.3;ll;84;658.7;8.9;358.7;61;1.26;55.6;22;16.8;10;1.58;423;11.6;7.4;2.7;2131.9;9.6;-2.85;39;-125.58;3.99;175.68;1.13;50.1;21.3;15.3;8.7;673.6;15.3
862;Rauischholzhausen;H;50.76;8.87;230;1993;Greif;1989;185.8;76.7;ll;84;658.7;8.9;358.7;62;1.26;55.6;22;16.8;10;1.58;423;11.6;7.4;2.7;2131.9;9.6;-2.85;39;-125.58;3.99;175.68;1.13;50.1;21.3;15.3;8.7;673.6;15.3
863;Rauischholzhausen;H;50.76;8.87;230;1993;Apollo;1984;176.7;84.3;ll;84;658.7;8.9;358.7;63;1.26;55.6;22;16.8;10;1.58;423;11.6;7.4;2.7;2131.9;9.6;-2.85;39;-125.58;3.99;175.68;1.13;50.1;21.3;15.3;8.7;673.6;15.3
864;Rauischholzhausen;H;50.76;8.87;230;1993;Hai;1991;233.5;89.6;ll;84;658.7;8.9;358.7;64;1.26;55.6;22;16.8;10;1.58;423;11.6;7.4;2.7;2131.9;9.6;-2.85;39;-125.58;3.99;175.68;1.13;50.1;21.3;15.3;8.7;673.6;15.3
1210;Harste;NDS;51.6;9.87;140;1986;Kraka;1982;194.6;78.1;ll;85.5;720.9;9.1;417.5;10;1.7;73.3;22.8;18;12.1;2;582.2;9.7;6.5;2.3;2160.8;9.6;-0.61;25;-22.18;3.69;133.18;3.08;111;18.8;14.2;8.4;511.6;14.2
1211;Harste;NDS;51.6;9.87;140;1986;Gï¿½ï;1978;223;71.2;ll;85.5;720.9;9.1;417.5;11;1.7;73.3;22.8;18;12.1;2;582.2;9.7;6.5;2.3;2160.8;9.6;-0.61;25;-22.18;3.69;133.18;3.08;111;18.8;14.2;8.4;511.6;14.2
1212;Harste;NDS;51.6;9.87;140;1986;Kanzler;1980;203.8;75.2;ll;85.5;720.9;9.1;417.5;12;1.7;73.3;22.8;18;12.1;2;582.2;9.7;6.5;2.3;2160.8;9.6;-0.61;25;-22.18;3.69;133.18;3.08;111;18.8;14.2;8.4;511.6;14.2
1410;Schrobenhausen;BY;48.56;11.26;415;2005;Flair;1996;201.3;76.3;ls;48;797.9;8.5;498.6;10;2.81;126.6;24.7;19;12.8;2.02;539.7;11;6.7;2.1;2041.1;10.3;-0.97;27;-40.02;3.83;157.32;2.86;117.3;18.9;13.3;7.3;544.4;13.3
1411;Essenbach;BY;48.61;12.21;400;2001;Flair;1996;204.1;86.4;ll;75;741.9;8.7;431.4;11;2.53;139.2;21.1;16.1;10;2.08;563.9;11.5;7.4;3;2088.5;9;-3.05;23;-79.46;4.2;109.36;1.15;29.9;21;15.4;8.3;400.1;15.4
1414;Piering;BY;48.82;12.57;345;2004;Flair;1996;225;90.8;tu;76.5;769.8;8.5;468.7;14;2.5;125.1;22.2;16.6;10.7;1.69;450.3;10.8;6.4;1.8;1872.6;8.8;-1.75;33;-64.88;3.34;123.68;1.58;58.8;18.1;12.6;5.9;464.8;12.6
1415;Piering;BY;48.82;12.57;345;2005;Flair;1996;148.9;77.7;tu;76.5;769.8;8.5;468.7;15;3.05;140.4;23.9;18.2;12.4;1.98;546.7;10.8;6.5;2;2073.2;9.9;-1.46;30;-61.34;3.6;151.24;2.14;89.9;19.1;13.6;7.3;569.7;13.6
1416;Wolfsdorf;BY;50.1;11.02;285;2001;Flair;1996;225;71.7;sl;66;739.8;8.3;436.3;16;3.06;140.9;21.4;16.1;11.1;2.42;655.2;11.2;7.3;3.7;2058.3;8.8;-2.56;35;-107.63;3.93;165.13;1.36;57.5;19.3;14.1;9.1;592.4;14.1
1417;Wolfsdorf;BY;50.1;11.02;285;2002;Flair;1996;211.8;84.6;sl;66;739.8;8.3;436.3;17;2.44;109.9;22.9;17.8;12.7;2.54;679.7;11.2;7.1;3.2;2080.5;9.4;-0.84;31;-34.75;3.55;145.65;2.7;110.9;19;13.9;9;570.2;13.9
1418;Wolfsdorf;BY;50.1;11.02;285;2003;Flair;1996;225;50.5;sl;66;739.8;8.3;436.3;18;1.11;48.9;25.6;19.4;13.1;2.15;571.9;11.5;7;2.6;2046.8;9.7;-1.8;30;-68.64;3.81;144.84;2;76.2;19.7;14.1;8.6;534.8;14.1
1420;Wolfsdorf;BY;50.1;11.02;285;2005;Flair;1996;79.6;73;sl;66;739.8;8.3;436.3;20;2.54;106.8;23.9;17.9;11.8;1.97;519.1;10.7;6.5;2.4;1923.8;9.5;-1.58;25;-56.91;3.53;127.11;1.95;70.2;17.9;12.6;7.3;454.7;12.6
1421;Giebelstadt;BY;49.64;9.95;300;2001;Flair;1996;213.3;94.2;tu;68;649.4;9.1;316.6;21;2.2;99;21.5;16.1;10.7;1.93;499.2;12.1;7.7;3.7;2057.2;9;-3.87;30;-123.99;4.65;148.99;0.78;25;21.2;15.4;9;491.9;15.4
1422;Giebelstadt;BY;49.64;9.95;300;2002;Flair;1996;204.3;84.4;tu;68;649.4;9.1;316.6;22;3.25;140.1;23.7;18.3;12.8;2.52;666.9;12;7.7;3.4;2173.5;9.7;-0.79;30;-34.02;3.45;148.62;2.66;114.6;19;13.8;8.6;593;13.8
1423;Giebelstadt;BY;49.64;9.95;300;2003;Flair;1996;221.6;69;tu;68;649.4;9.1;316.6;23;1.08;44.6;26.5;20.1;13.9;1.66;425;12.3;7.5;3.1;2083.4;10;-1.15;20;-34.69;3.72;111.69;2.56;77;19.8;14.2;8.7;426.4;14.2
1424;Giebelstadt;BY;49.64;9.95;300;2004;Flair;1996;225;89.1;tu;68;649.4;9.1;316.6;24;2.5;115.2;22;16.2;10.4;1.54;373.3;11.9;7.3;2.9;1845.2;9.2;-1.43;32;-55.86;3.25;126.86;1.82;71;18.1;12.2;6;473.9;12.2
1425;Giebelstadt;BY;49.64;9.95;300;2005;Flair;1996;198;78.2;tu;68;649.4;9.1;316.6;25;1.5;61.5;25.1;18.4;11.8;1.64;431.4;11.7;7.2;2.7;2067.7;9.8;-2.21;30;-90.8;3.97;162.8;1.75;72;20;13.7;7.6;561;13.7
1426;Gersthofen;BY;48.42;10.84;475;2001;Flair;1996;225;94.1;sl;74;768.9;8.5;471.8;26;2.6;125.2;21.2;15.6;9.8;2.15;583.9;11.7;7.3;3;2063.5;8.6;-2.28;28;-84.71;4.03;149.21;1.74;64.5;20;14.6;8.2;540.7;14.6
1427;Gersthofen;BY;48.42;10.84;475;2002;Flair;1996;227.1;79.5;sl;74;768.9;8.5;471.8;27;3.34;150.6;23.7;18.1;12.3;2.2;596.5;11.6;7;2.2;2088.2;9.4;-0.94;32;-37.9;3.29;131.9;2.35;94;18.6;13.1;7.2;525.3;13.1
1428;Gersthofen;BY;48.42;10.84;475;2003;Flair;1996;201.5;61.9;sl;74;768.9;8.5;471.8;28;2.69;107.8;26.1;19.7;13.1;1.92;497.3;11.5;6.8;2.1;1989;9.7;-1.85;22;-59.49;3.68;117.89;1.82;58.4;20.2;14.6;8.6;466.2;14.6
1429;Gersthofen;BY;48.42;10.84;475;2004;Flair;1996;166.4;76.7;sl;74;768.9;8.5;471.8;29;1.79;88;22.3;16.8;11.3;1.79;487.5;11.1;6.6;2;1939.4;8.9;-1.35;34;-60.83;3.19;143.93;1.84;83.1;17.6;12.2;5.7;549.3;12.2
1430;Gersthofen;BY;48.42;10.84;475;2005;Flair;1996;242;72.9;sl;74;768.9;8.5;471.8;30;4.01;196.8;23.2;17.8;11.7;2.21;605.4;10.7;6.4;1.8;2050.1;10.2;-1.8;30;-70.52;3.71;144.82;1.9;74.3;18.7;13.2;6.9;513.2;13.2
1610;Gross Gerau;H;49.93;8.5;90;1962;Karat;1956;120;36.9;ls;57.5;637.4;10.6;235.5;10;1.4;74.2;23.2;17.7;12;1.39;379.9;12;7.8;3.5;2245.5;9.9;-2.92;30;-102.51;4;140.31;1.08;37.8;18.2;12.8;7;449.1;12.8
1611;Gross Gerau;H;49.93;8.5;90;1962;Wika;1960;120;46.3;ls;57.5;637.4;10.6;235.5;11;1.4;74.2;23.2;17.7;12;1.39;379.9;12;7.8;3.5;2245.5;9.9;-2.92;30;-102.51;4;140.31;1.08;37.8;18.2;12.8;7;449.1;12.8
1612;Giessen;H;50.6;8.65;160;1962;Carstens VIII;1952;89.5;39;ll;63;666.6;9.3;341.6;12;1.39;87.7;21.1;15.9;10.8;1.78;554.1;11.1;7.2;3.3;2411.1;9.5;-2.25;30;-81.03;3.63;130.83;1.38;49.8;18;12.9;7.1;465;12.9
1710;Giessen;H;50.6;8.65;160;1964;Rabe;1962;118.9;35.5;ll;63;666.6;9.3;341.6;10;0.77;37.4;23.7;17.5;11.1;1.16;318.7;10.8;6.6;2.5;2066.2;10.1;-2.13;21;-55.49;4.52;117.59;2.38;62.1;22.5;15.8;9.7;412;15.8
2010;Harste;NDS;51.6;9.87;140;1983;Opi;1978;149.7;65.4;ll;85.5;720.9;9.1;417.5;10;0.98;45.3;23.2;18.1;11.5;1.88;534.2;11.3;8.1;4;2376.6;9.2;-0.31;23;-10.1;2.98;95.5;2.66;85.4;16.8;12.8;7.8;409.3;12.8
2011;Barterode;NDS;51.55;9.77;250;1983;Monopol;1978;165;50.7;tu;31;759.8;8.4;488;11;0.73;34.5;24.1;18;12.1;1.92;548;11.7;7.7;4.1;2269.5;8.9;-0.58;45;-34.71;2.96;174.71;2.37;140;17.3;12;7.4;709.2;12
2013;Barterode;NDS;51.55;9.77;250;1983;Opi;1978;155.1;57.5;tu;31;759.8;8.4;488;13;0.73;34.5;24.1;18;12.1;1.92;548;11.7;7.7;4.1;2269.5;8.9;-0.58;45;-34.71;2.96;174.71;2.37;140;17.3;12;7.4;709.2;12
2014;Barterode;NDS;51.55;9.77;250;1983;Kanzler;1978;147.1;60.9;tu;31;759.8;8.4;488;14;0.73;34.5;24.1;18;12.1;1.92;548;11.7;7.7;4.1;2269.5;8.9;-0.58;45;-34.71;2.96;174.71;2.37;140;17.3;12;7.4;709.2;12
2015;Barterode;NDS;51.55;9.77;250;1983;Opi;1978;152.5;62.9;tu;31;759.8;8.4;488;15;0.73;34.5;24.1;18;12.1;1.92;548;11.7;7.7;4.1;2269.5;8.9;-0.58;45;-34.71;2.96;174.71;2.37;140;17.3;12;7.4;709.2;12
2016;Weende;NDS;51.55;9.91;145;1984;Kanzler;1978;100.5;61;tu;85.5;718.8;9;417.4;16;2.04;133.2;19.5;15.5;11;2;591.3;10.3;7.1;3.1;2178.3;8.6;1.05;22;40.2;2.71;103.2;3.77;143.4;16.2;12.3;8.1;469.3;12.3
2019;Reinshof;NDS;51.49;9.93;155;1984;Oberst;1980;154;59.3;tu;85.5;670.8;8.8;377.6;19;2.04;136.9;19.4;15.3;10.7;1.95;591.1;10.2;6.9;2.9;2190.1;8.6;1.86;22;69.16;2.67;98.94;4.54;168.1;16;12.2;7.9;452.4;12.2
2020;Reinshof;NDS;51.49;9.93;155;1984;Vuka;1975;142.3;62.4;tu;85.5;670.8;8.8;377.6;20;2.04;136.9;19.4;15.3;10.7;1.95;591.1;10.2;6.9;2.9;2190.1;8.6;1.86;22;69.16;2.67;98.94;4.54;168.1;16;12.2;7.9;452.4;12.2
2021;Gross Ellershausen;NDS;51.52;9.86;200;1984;Vuka;1975;113.9;45.4;tu;82.5;705.6;9;404.1;21;2.44;137.1;19.4;15.6;11;2.01;602.7;10.1;6.9;2.9;2148.8;8.4;0.88;30;40.73;2.68;123.67;3.57;164.4;15.9;12.2;8;562;12.2
2024;Barterode;NDS;51.55;9.77;250;1984;Oberst;1980;101.4;49.1;tu;31;759.8;8.4;488;24;2.59;140;19.4;14.9;11.3;2.11;635.1;10.2;6.2;3;1994.2;8.1;0.04;43;3;2.74;170.4;2.79;173.4;16.4;11.4;7.2;709.8;11.4
3210;Koefering;BY;48.94;12.2;340;2005;Tommi;2002;249.9;83.5;tu;76.5;704.1;8.8;380.2;10;2.56;148.5;23.6;18.2;11.5;1.82;509;11.3;7.1;2;2225.3;10.4;-2.14;16;-47.29;4.07;89.69;1.92;42.4;20.2;14.3;6.3;314;14.3
3211;Koefering;BY;48.94;12.2;340;2006;Tommi;2002;220;84.6;tu;76.5;704.1;8.8;380.2;11;2.31;106.6;25.7;19.7;12.3;1.81;490;10.2;6.2;1.5;1973.6;10.1;0.49;12;11.47;3.08;71.03;3.58;82.5;18;13.4;8.1;307.6;13.4
3212;Ohrenbach;BY;49.47;10.2;410;2004;Cubus;2002;159.6;99.7;ll;74;687;8.5;379.1;12;1.99;87.6;22.6;16.4;11.4;1.68;435.7;11.7;7;2.9;1920.2;9.2;-1.12;31;-47.21;3.47;146.11;2.35;98.9;18.6;12.6;6.8;530.1;12.6
3213;Ohrenbach;BY;49.47;10.2;410;2005;Cubus;2002;205.1;81.2;ll;74;687;8.5;379.1;13;2.07;101.5;24;17.6;11.6;1.93;542.2;11.4;6.9;2.8;2153.6;9.8;-3.57;15;-60.74;4.91;83.54;1.34;22.8;22.8;16.3;9.9;276.3;16.3
3214;Ohrenbach;BY;49.47;10.2;410;2006;Cubus;2002;191.6;80.8;ll;74;687;8.5;379.1;14;3.22;128.9;23.2;17;11;1.9;495;9.8;5.6;1.8;1689.8;9.3;3.76;3;30.15;2.66;21.35;6.43;51.5;16.9;12.5;8.5;99.9;12.5
3215;Giebelstadt;BY;49.64;9.95;300;2004;Cubus;2002;230;94.3;tu;68;649.4;9.1;316.6;15;2.5;115.2;22;16.2;10.4;1.54;373.3;11.9;7.3;2.9;1845.2;9.2;-1.43;32;-55.86;3.25;126.86;1.82;71;18.1;12.2;6;473.9;12.2
3216;Giebelstadt;BY;49.64;9.95;300;2005;Cubus;2002;226.1;77.3;tu;68;649.4;9.1;316.6;16;1.5;61.5;25.1;18.4;11.8;1.64;431.4;11.7;7.2;2.7;2067.7;9.8;-2.21;30;-90.8;3.97;162.8;1.75;72;20;13.7;7.6;561;13.7
3217;Giebelstadt;BY;49.64;9.95;300;2006;Cubus;2002;236.5;77.1;tu;68;649.4;9.1;316.6;17;2.45;88.3;26.4;19.5;12.8;1.76;451.4;10.6;6.2;2;1781.3;9.5;0.6;17;16.3;3.11;84;3.71;100.3;18;12.6;7.8;340.8;12.6
6614;Hohenschulen;SH;54.31;9.98;25;1984;Diplomat;1966;305.18;66.46;sl;66;825.7;8.7;581.1;14;2.4;170.8;19;15;11.4;2.24;708;10.7;7.2;3.8;2343.3;8.3;0.46;31;17.7;2.64;100.4;3.1;118.1;16.6;12;7.9;457.4;12
6618;Hohenschulen;SH;54.31;9.98;25;1988;Diplomat;1966;232.11;77.1;sl;66;825.7;8.7;581.1;18;2.97;154.6;20.7;16.2;12.3;2.53;709.1;11;7.7;4.6;2191.3;8.3;-0.49;28;-17.81;3.16;113.81;2.66;96;17.9;12.6;7.9;453;12.6
6620;Hohenschulen;SH;54.31;9.98;25;1990;Diplomat;1966;226.09;71.97;sl;66;825.7;8.7;581.1;20;3.4;201.1;19.1;15.2;11.5;2.34;680.6;12;8.6;5;2499;9.2;-1.9;25;-57;3.17;95.1;1.27;38.1;18;13;7.4;389.8;13
6621;Hohenschulen;SH;54.31;9.98;25;1991;Diplomat;1966;242.47;84.11;sl;66;825.7;8.7;581.1;21;3.25;162.9;21.4;17.2;12.9;2.36;679.9;10.4;7.3;3.9;2166.6;8.4;-0.26;35;-13.44;2.21;110.84;1.94;97.4;14;10.1;6;507.1;10.1
6623;Hohenschulen;SH;54.31;9.98;25;1993;Diplomat;1966;271.95;68.84;sl;66;825.7;8.7;581.1;23;3.06;184.1;19.3;15.1;10.7;2.28;674.5;10.8;7.4;4;2254;8.4;-2.21;24;-66.54;3.24;97.24;1.02;30.7;18.2;13.6;8.8;406.6;13.6
6624;Hohenschulen;SH;54.31;9.98;25;1994;Diplomat;1966;336.49;60.57;sl;66;825.7;8.7;581.1;24;1.49;71.8;23.3;18.4;12.7;2.33;684.8;10.5;7.3;4;2241.3;8.5;-0.41;26;-17.17;2.66;109.17;2.24;92;16.5;12.4;8.3;508.7;12.4
6625;Hohenschulen;SH;54.31;9.98;25;1995;Diplomat;1966;255.36;89.35;sl;66;825.7;8.7;581.1;25;1.03;45.6;22.2;17.4;12.4;2.51;721;11.1;7.8;4.4;2283.4;8.4;0.28;27;11.81;2.57;105.59;2.86;117.4;15.4;11.4;7;469.1;11.4
6627;Hohenschulen;SH;54.31;9.98;25;1997;Diplomat;1966;221.89;81.08;sl;66;825.7;8.7;581.1;27;4.21;206.3;21.2;16.8;12.4;2.42;726.3;10.6;7.1;3.5;2267.7;8.8;-0.72;26;-27.68;3.28;124.78;2.55;97.1;17.4;12.8;8;486.6;12.8
6629;Hohenschulen;SH;54.31;9.98;25;1999;Diplomat;1966;250.62;83.36;sl;66;825.7;8.7;581.1;29;1.81;105.3;21.4;16.8;11.6;2.5;744.5;11;7.7;4.2;2373.9;9.1;-0.59;35;-27.23;2.57;118.43;1.98;91.2;16.7;12;7.2;553.6;12
6630;Hohenschulen;SH;54.31;9.98;25;2000;Diplomat;1966;250.6;89.4;sl;66;825.7;8.7;581.1;30;1.92;123;18.8;14.6;10.4;2.38;731.5;11.6;8.3;5;2554.1;8.7;-1.72;32;-67.45;2.81;109.95;1.08;42.5;18;12.9;7.7;501.3;12.9
6634;Hohenschulen;SH;54.31;9.98;25;1984;Kanzler;1980;342.63;84.31;sl;66;825.7;8.7;581.1;34;2.4;170.8;19;15;11.4;2.24;708;10.7;7.2;3.8;2343.3;8.3;0.46;31;17.7;2.64;100.4;3.1;118.1;16.6;12;7.9;457.4;12
6637;Hohenschulen;SH;54.31;9.98;25;1987;Kanzler;1980;273.75;80.35;sl;66;825.7;8.7;581.1;37;3.28;183.9;19.1;15;11.4;2.63;818.3;9.7;6.5;3.3;2247.7;9;1.35;20;48.91;2.26;81.69;3.62;130.6;15.1;11.6;7.7;418.3;11.6
6638;Hohenschulen;SH;54.31;9.98;25;1988;Kanzler;1980;258.84;86.75;sl;66;825.7;8.7;581.1;38;2.97;154.6;20.7;16.2;12.3;2.53;709.1;11;7.7;4.6;2191.3;8.3;-0.49;28;-17.81;3.16;113.81;2.66;96;17.9;12.6;7.9;453;12.6
6640;Hohenschulen;SH;54.31;9.98;25;1990;Kanzler;1980;273.98;81.71;sl;66;825.7;8.7;581.1;40;3.4;201.1;19.1;15.2;11.5;2.34;680.6;12;8.6;5;2499;9.2;-1.9;25;-57;3.17;95.1;1.27;38.1;18;13;7.4;389.8;13
6641;Hohenschulen;SH;54.31;9.98;25;1991;Kanzler;1980;275.2;87.96;sl;66;825.7;8.7;581.1;41;3.25;162.9;21.4;17.2;12.9;2.36;679.9;10.4;7.3;3.9;2166.6;8.4;-0.26;35;-13.44;2.21;110.84;1.94;97.4;14;10.1;6;507.1;10.1
6643;Hohenschulen;SH;54.31;9.98;25;1993;Orestis;1988;261.32;77.03;sl;66;825.7;8.7;581.1;43;3.06;184.1;19.3;15.1;10.7;2.28;674.5;10.8;7.4;4;2254;8.4;-2.21;24;-66.54;3.24;97.24;1.02;30.7;18.2;13.6;8.8;406.6;13.6
6644;Hohenschulen;SH;54.31;9.98;25;1994;Orestis;1988;487.14;103;sl;66;825.7;8.7;581.1;44;1.49;71.8;23.3;18.4;12.7;2.33;684.8;10.5;7.3;4;2241.3;8.5;-0.41;26;-17.17;2.66;109.17;2.24;92;16.5;12.4;8.3;508.7;12.4
6645;Hohenschulen;SH;54.31;9.98;25;1995;Orestis;1988;280.07;106.03;sl;66;825.7;8.7;581.1;45;1.03;45.6;22.2;17.4;12.4;2.51;721;11.1;7.8;4.4;2283.4;8.4;0.28;27;11.81;2.57;105.59;2.86;117.4;15.4;11.4;7;469.1;11.4
6647;Hohenschulen;SH;54.31;9.98;25;1997;Ritmo;1993;256.32;94.37;sl;66;825.7;8.7;581.1;47;4.21;206.3;21.2;16.8;12.4;2.42;726.3;10.6;7.1;3.5;2267.7;8.8;-0.72;26;-27.68;3.28;124.78;2.55;97.1;17.4;12.8;8;486.6;12.8
6649;Hohenschulen;SH;54.31;9.98;25;1999;Ritmo;1993;307.71;112.23;sl;66;825.7;8.7;581.1;49;1.81;105.3;21.4;16.8;11.6;2.5;744.5;11;7.7;4.2;2373.9;9.1;-0.59;35;-27.23;2.57;118.43;1.98;91.2;16.7;12;7.2;553.6;12
6650;Hohenschulen;SH;54.31;9.98;25;2000;Ritmo;1993;309.23;117.08;sl;66;825.7;8.7;581.1;50;1.92;123;18.8;14.6;10.4;2.38;731.5;11.6;8.3;5;2554.1;8.7;-1.72;32;-67.45;2.81;109.95;1.08;42.5;18;12.9;7.7;501.3;12.9
6653;Hohenschulen;SH;54.31;9.98;25;2003;Ritmo;1993;224.78;104.97;sl;66;825.7;8.7;581.1;53;1.67;85.3;21.8;17.4;12.7;1.9;551.4;10;6.8;3.3;2100.6;8.8;0.47;28;20.61;2.43;104.69;2.91;125.3;16.5;12.2;7.3;523.9;12.2
6654;Hohenschulen;SH;54.31;9.98;25;2004;Ritmo;1993;290.05;102.7;sl;66;825.7;8.7;581.1;54;2.99;185.4;19.2;14.9;10.7;2.13;675;11.1;7.7;4.3;2473.5;8.7;-1.53;32;-55.3;2.21;79.8;0.68;24.5;15.8;11;6.6;395.9;11
6655;Hohenschulen;SH;54.31;9.98;25;2005;Tommi;2002;286.01;108.45;sl;66;825.7;8.7;581.1;55;2.61;156.6;21.5;16.7;11.7;2.04;583.4;11.4;7.9;4.2;2285.1;9;-0.3;24;-11.42;2.7;100.22;2.4;88.8;16.8;11.9;6.9;438.9;11.9
6657;Hohenschulen;SH;54.31;9.98;25;2007;Tommi;2002;279.7;87.9;sl;66;825.7;8.7;581.1;57;;;20.5;;11.4;;;;;;;;;;;;;;;17.1;;5.2;;
6658;Hohenschulen;SH;54.31;9.98;25;2008;Tommi;2002;362.42;120.98;sl;66;825.7;8.7;581.1;58;;;20.9;;9.7;;;11.6;;4.1;;;;;;;;;;18.5;;4.5;;
6659;Hohenschulen;SH;54.31;9.98;25;2009;Tommi;2002;344.77;120.22;sl;66;825.7;8.7;581.1;59;;;20.4;;10.5;;;11.3;;4.1;;;;;;;;;;17.6;;6.6;;
